{
    "argmax": {
        "(('dim', -1),)": {
            "perplexity": [
                14143.33562273298
            ],
            "bleu_scores": [
                0.10885343224745485
            ],
            "chrf_scores": [
                19.264203084608255
            ]
        }
    },
    "beam_search": {
        "(('beam_size', 5),)": {
            "perplexity": [
                4930.237880161831
            ],
            "bleu_scores": [
                0.1149527683122965
            ],
            "chrf_scores": [
                15.12884240817169
            ]
        },
        "(('beam_size', 10),)": {
            "perplexity": [
                4930.237880161831
            ],
            "bleu_scores": [
                0.1149527683122965
            ],
            "chrf_scores": [
                15.12884240817169
            ]
        },
        "(('beam_size', 15),)": {
            "perplexity": [
                4930.237880161831
            ],
            "bleu_scores": [
                0.1149527683122965
            ],
            "chrf_scores": [
                15.12884240817169
            ]
        }
    },
    "nucleus_sampling": {
        "(('top_p', 0.45),)": {
            "perplexity": [
                83231.65535714285
            ],
            "bleu_scores": [
                0.03676323131316903
            ],
            "chrf_scores": [
                0.004477638672469686
            ]
        },
        "(('top_p', 0.85),)": {
            "perplexity": [
                36497.295200892855
            ],
            "bleu_scores": [
                0.06551165124985149
            ],
            "chrf_scores": [
                1.1706508067371062
            ]
        },
        "(('top_p', 0.95),)": {
            "perplexity": [
                37564.84017857143
            ],
            "bleu_scores": [
                0.06842408339265915
            ],
            "chrf_scores": [
                2.0226574421026493
            ]
        }
    },
    "top_k_sampling": {
        "(('k', 10),)": {
            "perplexity": [
                7051.544974190848
            ],
            "bleu_scores": [
                0.10226876069583007
            ],
            "chrf_scores": [
                17.79839909435392
            ]
        },
        "(('k', 20),)": {
            "perplexity": [
                7846.431041608538
            ],
            "bleu_scores": [
                0.10376147502138656
            ],
            "chrf_scores": [
                18.284352765990413
            ]
        },
        "(('k', 40),)": {
            "perplexity": [
                8541.001632254463
            ],
            "bleu_scores": [
                0.1032345463989427
            ],
            "chrf_scores": [
                20.061060671793623
            ]
        }
    },
    "temperature_sampling": {
        "(('temperature', 0.5),)": {
            "perplexity": [
                5626.543983677456
            ],
            "bleu_scores": [
                0.10946297925020501
            ],
            "chrf_scores": [
                18.152173926725197
            ]
        },
        "(('temperature', 0.7),)": {
            "perplexity": [
                8495.857397460937
            ],
            "bleu_scores": [
                0.10533226458911331
            ],
            "chrf_scores": [
                19.566583764214894
            ]
        },
        "(('temperature', 0.9),)": {
            "perplexity": [
                9928.095099748884
            ],
            "bleu_scores": [
                0.09872664800809168
            ],
            "chrf_scores": [
                19.690231793472098
            ]
        }
    },
    "entmax_sampling": {
        "(('alpha', 1.2),)": {
            "perplexity": [
                5415.119848632812
            ],
            "bleu_scores": [
                0.18374238763858272
            ],
            "chrf_scores": [
                18.560186100163083
            ]
        },
        "(('alpha', 1.3),)": {
            "perplexity": [
                4931.345985630581
            ],
            "bleu_scores": [
                0.1749719717854255
            ],
            "chrf_scores": [
                18.513420009652513
            ]
        },
        "(('alpha', 1.4),)": {
            "perplexity": [
                4846.561717006139
            ],
            "bleu_scores": [
                0.22242988648893638
            ],
            "chrf_scores": [
                17.93537181181844
            ]
        },
        "(('alpha', 1.5),)": {
            "perplexity": [
                5644.585316685268
            ],
            "bleu_scores": [
                0.10483185963300415
            ],
            "chrf_scores": [
                17.92281427204311
            ]
        }
    }
}