{
    "argmax": {
        "(('dim', -1),)": {
            "bleu_scores": [
                0.10441914289120333
            ],
            "chrf_scores": [
                19.61970828535657
            ],
            "cer_scores": [
                0.9146938775510204
            ],
            "distinct_2_scores": [
                0.8864346628529053
            ]
        }
    },
    "beam_search": {
        "(('beam_size', 5),)": {
            "bleu_scores": [
                0.10700208121491245
            ],
            "chrf_scores": [
                15.68932783219969
            ],
            "cer_scores": [
                0.8104081632653061
            ],
            "distinct_2_scores": [
                0.9319088319088319
            ]
        },
        "(('beam_size', 10),)": {
            "bleu_scores": [
                0.10700208121491245
            ],
            "chrf_scores": [
                15.68932783219969
            ],
            "cer_scores": [
                0.8104081632653061
            ],
            "distinct_2_scores": [
                0.9319088319088319
            ]
        },
        "(('beam_size', 15),)": {
            "bleu_scores": [
                0.10700208121491245
            ],
            "chrf_scores": [
                15.68932783219969
            ],
            "cer_scores": [
                0.8104081632653061
            ],
            "distinct_2_scores": [
                0.9319088319088319
            ]
        }
    },
    "nucleus_sampling": {
        "(('top_p', 0.45),)": {
            "bleu_scores": [
                0.0
            ],
            "chrf_scores": [
                0.0
            ],
            "cer_scores": [
                0.8977551020408163
            ],
            "distinct_2_scores": [
                0.03963133640552993
            ]
        },
        "(('top_p', 0.85),)": {
            "bleu_scores": [
                0.06628407905696858
            ],
            "chrf_scores": [
                1.131177578575659
            ],
            "cer_scores": [
                0.8789795918367347
            ],
            "distinct_2_scores": [
                0.5281105990783408
            ]
        },
        "(('top_p', 0.9),)": {
            "bleu_scores": [
                0.05774215569235696
            ],
            "chrf_scores": [
                1.5608105280568585
            ],
            "cer_scores": [
                0.8740816326530613
            ],
            "distinct_2_scores": [
                0.5429800307219662
            ]
        },
        "(('top_p', 0.95),)": {
            "bleu_scores": [
                0.06853417881445498
            ],
            "chrf_scores": [
                2.5350851995841888
            ],
            "cer_scores": [
                0.8614285714285714
            ],
            "distinct_2_scores": [
                0.6608294930875577
            ]
        }
    },
    "top_k_sampling": {
        "(('k', 10),)": {
            "bleu_scores": [
                0.165686398205455
            ],
            "chrf_scores": [
                19.516456248760903
            ],
            "cer_scores": [
                0.8467346938775511
            ],
            "distinct_2_scores": [
                0.9583443432990547
            ]
        },
        "(('k', 20),)": {
            "bleu_scores": [
                0.19730581918639237
            ],
            "chrf_scores": [
                19.109815563409292
            ],
            "cer_scores": [
                0.8575510204081632
            ],
            "distinct_2_scores": [
                0.9556612935239976
            ]
        },
        "(('k', 40),)": {
            "bleu_scores": [
                0.09325001292659074
            ],
            "chrf_scores": [
                18.797265059434473
            ],
            "cer_scores": [
                0.843265306122449
            ],
            "distinct_2_scores": [
                0.9596783273932483
            ]
        },
        "(('k', 80),)": {
            "bleu_scores": [
                0.1608939983010551
            ],
            "chrf_scores": [
                20.12661600283813
            ],
            "cer_scores": [
                0.8471428571428572
            ],
            "distinct_2_scores": [
                0.9622289164831667
            ]
        }
    },
    "temperature_sampling": {
        "(('temperature', 0.5),)": {
            "bleu_scores": [
                0.10168336281516396
            ],
            "chrf_scores": [
                19.98749444462308
            ],
            "cer_scores": [
                0.8428571428571429
            ],
            "distinct_2_scores": [
                0.9560520760028144
            ]
        },
        "(('temperature', 0.7),)": {
            "bleu_scores": [
                0.09772569163227716
            ],
            "chrf_scores": [
                19.68120912309009
            ],
            "cer_scores": [
                0.8508163265306122
            ],
            "distinct_2_scores": [
                0.9583690640626914
            ]
        },
        "(('temperature', 0.9),)": {
            "bleu_scores": [
                0.1014617832307378
            ],
            "chrf_scores": [
                20.083607923043488
            ],
            "cer_scores": [
                0.8606122448979592
            ],
            "distinct_2_scores": [
                0.9640281340567368
            ]
        }
    },
    "entmax_sampling": {
        "(('alpha', 1.2),)": {
            "bleu_scores": [
                0.17321218855828918
            ],
            "chrf_scores": [
                18.45391038393663
            ],
            "cer_scores": [
                0.833265306122449
            ],
            "distinct_2_scores": [
                0.9173659319122531
            ]
        },
        "(('alpha', 1.3),)": {
            "bleu_scores": [
                0.09653618568537568
            ],
            "chrf_scores": [
                18.392282129636676
            ],
            "cer_scores": [
                0.8363265306122449
            ],
            "distinct_2_scores": [
                0.9126415594046291
            ]
        },
        "(('alpha', 1.4),)": {
            "bleu_scores": [
                0.09837436315056734
            ],
            "chrf_scores": [
                18.608108342783385
            ],
            "cer_scores": [
                0.830204081632653
            ],
            "distinct_2_scores": [
                0.8982620144832126
            ]
        },
        "(('alpha', 1.5),)": {
            "bleu_scores": [
                0.10331081340793995
            ],
            "chrf_scores": [
                20.69034080867217
            ],
            "cer_scores": [
                0.8324489795918367
            ],
            "distinct_2_scores": [
                0.925022284775979
            ]
        }
    }
}