{
    "argmax": {
        "(('dim', -1),)": {
            "perplexity": [
                8130.40869140625
            ],
            "bleu_scores": [
                0.12173661815249259
            ],
            "chrf_scores": [
                4.123144584936778
            ]
        }
    },
    "beam_search": {
        "(('beam_size', 2),)": {
            "perplexity": [
                2958.139404296875
            ],
            "bleu_scores": [
                0.12745881371500822
            ],
            "chrf_scores": [
                5.79598145285935
            ]
        },
        "(('beam_size', 5),)": {
            "perplexity": [
                2958.139404296875
            ],
            "bleu_scores": [
                0.12745881371500822
            ],
            "chrf_scores": [
                5.79598145285935
            ]
        },
        "(('beam_size', 10),)": {
            "perplexity": [
                2958.139404296875
            ],
            "bleu_scores": [
                0.12745881371500822
            ],
            "chrf_scores": [
                5.79598145285935
            ]
        }
    },
    "top_k_sampling": {
        "(('k', 5),)": {
            "perplexity": [
                4849.64599609375
            ],
            "bleu_scores": [
                0.11499789923779985
            ],
            "chrf_scores": [
                4.932587964485367
            ]
        },
        "(('k', 10),)": {
            "perplexity": [
                4758.013671875
            ],
            "bleu_scores": [
                0.12074693549722916
            ],
            "chrf_scores": [
                5.140507196710076
            ]
        },
        "(('k', 20),)": {
            "perplexity": [
                6363.5205078125
            ],
            "bleu_scores": [
                0.19829087528689743
            ],
            "chrf_scores": [
                4.681647940074906
            ]
        }
    },
    "temperature_sampling": {
        "(('temperature', 0.5),)": {
            "perplexity": [
                5259.6640625
            ],
            "bleu_scores": [
                0.11730118858590229
            ],
            "chrf_scores": [
                4.942339373970346
            ]
        },
        "(('temperature', 1.0),)": {
            "perplexity": [
                7462.7470703125
            ],
            "bleu_scores": [
                0.11123491198402474
            ],
            "chrf_scores": [
                4.64108910891089
            ]
        },
        "(('temperature', 1.5),)": {
            "perplexity": [
                20896.005859375
            ],
            "bleu_scores": [
                0.09248911621714882
            ],
            "chrf_scores": [
                3.9946737683089215
            ]
        }
    },
    "entmax_sampling": {
        "(('alpha', 0.5),)": {
            "perplexity": [
                4105.96533203125
            ],
            "bleu_scores": [
                0.2044300164083043
            ],
            "chrf_scores": [
                5.170630816959669
            ]
        },
        "(('alpha', 1.0),)": {
            "perplexity": [
                5256.1240234375
            ],
            "bleu_scores": [
                0.24007110581949567
            ],
            "chrf_scores": [
                4.901960784313725
            ]
        },
        "(('alpha', 1.5),)": {
            "perplexity": [
                3140.898681640625
            ],
            "bleu_scores": [
                0.24007202697444982
            ],
            "chrf_scores": [
                5.246589716684155
            ]
        }
    }
}