{
    "argmax": {
        "(('dim', -1),)": {
            "perplexity": [
                5611.42919921875
            ],
            "bleu_scores": [
                0.8012578336599415
            ],
            "chrf_scores": [
                5.617977528089887
            ]
        }
    },
    "beam_search": {
        "(('beam_size', 2),)": {
            "perplexity": [
                7872.6455078125
            ],
            "bleu_scores": [
                0.8952811206683008
            ],
            "chrf_scores": [
                6.198347107438017
            ]
        },
        "(('beam_size', 5),)": {
            "perplexity": [
                7872.6455078125
            ],
            "bleu_scores": [
                0.8952811206683008
            ],
            "chrf_scores": [
                6.198347107438017
            ]
        },
        "(('beam_size', 10),)": {
            "perplexity": [
                7872.6455078125
            ],
            "bleu_scores": [
                0.8952811206683008
            ],
            "chrf_scores": [
                6.198347107438017
            ]
        }
    },
    "top_k_sampling": {
        "(('k', 5),)": {
            "perplexity": [
                2383.8818359375
            ],
            "bleu_scores": [
                0.7240181839032069
            ],
            "chrf_scores": [
                6.097560975609755
            ]
        },
        "(('k', 10),)": {
            "perplexity": [
                1622.6619873046875
            ],
            "bleu_scores": [
                0.7055376399669051
            ],
            "chrf_scores": [
                5.4945054945054945
            ]
        },
        "(('k', 20),)": {
            "perplexity": [
                4118.04345703125
            ],
            "bleu_scores": [
                0.6457667136100261
            ],
            "chrf_scores": [
                5.2264808362369335
            ]
        }
    },
    "temperature_sampling": {
        "(('temperature', 0.5),)": {
            "perplexity": [
                2129.446044921875
            ],
            "bleu_scores": [
                0.6828151658576943
            ],
            "chrf_scores": [
                5.1194539249146755
            ]
        },
        "(('temperature', 1.0),)": {
            "perplexity": [
                4659.7822265625
            ],
            "bleu_scores": [
                0.6169040551366827
            ],
            "chrf_scores": [
                5.244755244755246
            ]
        },
        "(('temperature', 1.5),)": {
            "perplexity": [
                8109.67041015625
            ],
            "bleu_scores": [
                0.5360926764172598
            ],
            "chrf_scores": [
                5.084745762711864
            ]
        }
    },
    "entmax_sampling": {
        "(('alpha', 0.5),)": {
            "perplexity": [
                1265.46533203125
            ],
            "bleu_scores": [
                0.6457667136100261
            ],
            "chrf_scores": [
                5.154639175257733
            ]
        },
        "(('alpha', 1.0),)": {
            "perplexity": [
                1074.2880859375
            ],
            "bleu_scores": [
                0.6629065484698916
            ],
            "chrf_scores": [
                6.25
            ]
        },
        "(('alpha', 1.5),)": {
            "perplexity": [
                2388.600341796875
            ],
            "bleu_scores": [
                0.7146583462965116
            ],
            "chrf_scores": [
                4.934210526315789
            ]
        }
    }
}