{
    "argmax": {
        "(('dim', -1),)": {
            "bleu_scores": [
                0.10441914289120333
            ],
            "chrf_scores": [
                19.61970828535657
            ],
            "cer_scores": [
                0.9146938775510204
            ],
            "distinct_2_scores": [
                0.8864346628529053
            ]
        }
    },
    "beam_search": {
        "(('beam_size', 5),)": {
            "bleu_scores": [
                0.10700208121491245
            ],
            "chrf_scores": [
                15.68932783219969
            ],
            "cer_scores": [
                0.8104081632653061
            ],
            "distinct_2_scores": [
                0.9319088319088319
            ]
        },
        "(('beam_size', 10),)": {
            "bleu_scores": [
                0.10700208121491245
            ],
            "chrf_scores": [
                15.68932783219969
            ],
            "cer_scores": [
                0.8104081632653061
            ],
            "distinct_2_scores": [
                0.9319088319088319
            ]
        },
        "(('beam_size', 15),)": {
            "bleu_scores": [
                0.10700208121491245
            ],
            "chrf_scores": [
                15.68932783219969
            ],
            "cer_scores": [
                0.8104081632653061
            ],
            "distinct_2_scores": [
                0.9319088319088319
            ]
        }
    },
    "nucleus_sampling": {
        "(('top_p', 0.45),)": {
            "bleu_scores": [
                0.0
            ],
            "chrf_scores": [
                0.0
            ],
            "cer_scores": [
                0.8977551020408163
            ],
            "distinct_2_scores": [
                0.04055299539170505
            ]
        },
        "(('top_p', 0.85),)": {
            "bleu_scores": [
                0.05763014528743225
            ],
            "chrf_scores": [
                0.9793947840601381
            ],
            "cer_scores": [
                0.8818367346938776
            ],
            "distinct_2_scores": [
                0.4894009216589863
            ]
        },
        "(('top_p', 0.9),)": {
            "bleu_scores": [
                0.060995620292339583
            ],
            "chrf_scores": [
                1.9463305186055997
            ],
            "cer_scores": [
                0.8708163265306123
            ],
            "distinct_2_scores": [
                0.5876804915514593
            ]
        },
        "(('top_p', 0.95),)": {
            "bleu_scores": [
                0.06621985131284952
            ],
            "chrf_scores": [
                2.491438645489689
            ],
            "cer_scores": [
                0.8614285714285714
            ],
            "distinct_2_scores": [
                0.6764976958525344
            ]
        }
    },
    "top_k_sampling": {
        "(('k', 10),)": {
            "bleu_scores": [
                0.0984764953815016
            ],
            "chrf_scores": [
                19.41131368521632
            ],
            "cer_scores": [
                0.8387755102040816
            ],
            "distinct_2_scores": [
                0.9610769335542889
            ]
        },
        "(('k', 20),)": {
            "bleu_scores": [
                0.09451242288421105
            ],
            "chrf_scores": [
                18.932357703242065
            ],
            "cer_scores": [
                0.8610204081632653
            ],
            "distinct_2_scores": [
                0.9517214894856717
            ]
        },
        "(('k', 40),)": {
            "bleu_scores": [
                0.10074523199514397
            ],
            "chrf_scores": [
                20.04154313583629
            ],
            "cer_scores": [
                0.8551020408163266
            ],
            "distinct_2_scores": [
                0.9659305501956061
            ]
        },
        "(('k', 80),)": {
            "bleu_scores": [
                0.09658018360474754
            ],
            "chrf_scores": [
                20.28450530874923
            ],
            "cer_scores": [
                0.8604081632653061
            ],
            "distinct_2_scores": [
                0.9662260830670172
            ]
        }
    },
    "temperature_sampling": {
        "(('temperature', 0.5),)": {
            "bleu_scores": [
                0.16889524459607233
            ],
            "chrf_scores": [
                19.05311904520723
            ],
            "cer_scores": [
                0.8385714285714285
            ],
            "distinct_2_scores": [
                0.934895840427383
            ]
        },
        "(('temperature', 0.7),)": {
            "bleu_scores": [
                0.17524925093521848
            ],
            "chrf_scores": [
                20.613626300029413
            ],
            "cer_scores": [
                0.8414285714285714
            ],
            "distinct_2_scores": [
                0.9610020624242771
            ]
        },
        "(('temperature', 0.9),)": {
            "bleu_scores": [
                0.09818470502623713
            ],
            "chrf_scores": [
                20.02405506136749
            ],
            "cer_scores": [
                0.8479591836734693
            ],
            "distinct_2_scores": [
                0.9644796561561217
            ]
        }
    },
    "entmax_sampling": {
        "(('alpha', 1.2),)": {
            "bleu_scores": [
                0.16906866089386224
            ],
            "chrf_scores": [
                19.222124169721898
            ],
            "cer_scores": [
                0.8181632653061225
            ],
            "distinct_2_scores": [
                0.9262373915083272
            ]
        },
        "(('alpha', 1.3),)": {
            "bleu_scores": [
                0.16848225910107667
            ],
            "chrf_scores": [
                18.31916080624444
            ],
            "cer_scores": [
                0.8287755102040816
            ],
            "distinct_2_scores": [
                0.9197351554637424
            ]
        },
        "(('alpha', 1.4),)": {
            "bleu_scores": [
                0.10125660162645063
            ],
            "chrf_scores": [
                19.007525981955954
            ],
            "cer_scores": [
                0.826530612244898
            ],
            "distinct_2_scores": [
                0.9421810409987749
            ]
        },
        "(('alpha', 1.5),)": {
            "bleu_scores": [
                0.10147050793940002
            ],
            "chrf_scores": [
                17.838522037967667
            ],
            "cer_scores": [
                0.8395918367346938
            ],
            "distinct_2_scores": [
                0.9092125036889056
            ]
        }
    }
}