{
    "argmax": {},
    "beam_search": {
        "(('beam_size', 2),)": {
            "perplexity": [
                128.31846364339194,
                136.88592100143433,
                141.45290194617377
            ],
            "bleu_scores": [
                [
                    0.9634893723344428,
                    0.9160990519362212,
                    0.8260529707617043,
                    0.7051911554101147,
                    0.5862294499253355
                ],
                [
                    0.0,
                    0.0
                ],
                [
                    0.9806947528176181,
                    0.951242387766396,
                    0.8932323153507626,
                    0.8079730990274808,
                    0.7100929748197343
                ],
                [
                    0.013888888888888888,
                    0.0
                ],
                [
                    0.987139129757177,
                    0.9662284884632526,
                    0.9206100543884825,
                    0.848017599178686,
                    0.7636863532818934
                ],
                [
                    0.004629629629629629,
                    0.0
                ]
            ],
            "rouge_scores": []
        },
        "(('beam_size', 5),)": {
            "perplexity": [
                128.31846364339194,
                136.88592100143433,
                141.45290194617377
            ],
            "bleu_scores": [
                [
                    0.9634893723344428,
                    0.9160990519362212,
                    0.8260529707617043,
                    0.7051911554101147,
                    0.5862294499253355
                ],
                [
                    0.0,
                    0.0
                ],
                [
                    0.9806947528176181,
                    0.951242387766396,
                    0.8932323153507626,
                    0.8079730990274808,
                    0.7100929748197343
                ],
                [
                    0.013888888888888888,
                    0.0
                ],
                [
                    0.987139129757177,
                    0.9662284884632526,
                    0.9206100543884825,
                    0.848017599178686,
                    0.7636863532818934
                ],
                [
                    0.004629629629629629,
                    0.0
                ]
            ],
            "rouge_scores": []
        },
        "(('beam_size', 10),)": {
            "perplexity": [
                128.31846364339194,
                136.88592100143433,
                141.45290194617377
            ],
            "bleu_scores": [
                [
                    0.9634893723344428,
                    0.9160990519362212,
                    0.8260529707617043,
                    0.7051911554101147,
                    0.5862294499253355
                ],
                [
                    0.0,
                    0.0
                ],
                [
                    0.9806947528176181,
                    0.951242387766396,
                    0.8932323153507626,
                    0.8079730990274808,
                    0.7100929748197343
                ],
                [
                    0.013888888888888888,
                    0.0
                ],
                [
                    0.987139129757177,
                    0.9662284884632526,
                    0.9206100543884825,
                    0.848017599178686,
                    0.7636863532818934
                ],
                [
                    0.004629629629629629,
                    0.0
                ]
            ],
            "rouge_scores": []
        }
    },
    "top_k_sampling": {
        "(('k', 5),)": {
            "perplexity": [
                128.31846364339194,
                136.88592100143433,
                141.45290194617377
            ],
            "bleu_scores": [
                [
                    0.9634893723344428,
                    0.9160990519362212,
                    0.8260529707617043,
                    0.7051911554101147,
                    0.5862294499253355
                ],
                [
                    0.0,
                    0.0
                ],
                [
                    0.9806947528176181,
                    0.951242387766396,
                    0.8932323153507626,
                    0.8079730990274808,
                    0.7100929748197343
                ],
                [
                    0.013888888888888888,
                    0.0
                ],
                [
                    0.987139129757177,
                    0.9662284884632526,
                    0.9206100543884825,
                    0.848017599178686,
                    0.7636863532818934
                ],
                [
                    0.004629629629629629,
                    0.0
                ]
            ],
            "rouge_scores": []
        },
        "(('k', 10),)": {
            "perplexity": [
                128.31846364339194,
                136.88592100143433,
                141.45290194617377
            ],
            "bleu_scores": [
                [
                    0.9634893723344428,
                    0.9160990519362212,
                    0.8260529707617043,
                    0.7051911554101147,
                    0.5862294499253355
                ],
                [
                    0.0,
                    0.0
                ],
                [
                    0.9806947528176181,
                    0.951242387766396,
                    0.8932323153507626,
                    0.8079730990274808,
                    0.7100929748197343
                ],
                [
                    0.013888888888888888,
                    0.0
                ],
                [
                    0.987139129757177,
                    0.9662284884632526,
                    0.9206100543884825,
                    0.848017599178686,
                    0.7636863532818934
                ],
                [
                    0.004629629629629629,
                    0.0
                ]
            ],
            "rouge_scores": []
        },
        "(('k', 20),)": {
            "perplexity": [
                128.31846364339194,
                136.88592100143433,
                141.45290194617377
            ],
            "bleu_scores": [
                [
                    0.9634893723344428,
                    0.9160990519362212,
                    0.8260529707617043,
                    0.7051911554101147,
                    0.5862294499253355
                ],
                [
                    0.0,
                    0.0
                ],
                [
                    0.9806947528176181,
                    0.951242387766396,
                    0.8932323153507626,
                    0.8079730990274808,
                    0.7100929748197343
                ],
                [
                    0.013888888888888888,
                    0.0
                ],
                [
                    0.987139129757177,
                    0.9662284884632526,
                    0.9206100543884825,
                    0.848017599178686,
                    0.7636863532818934
                ],
                [
                    0.004629629629629629,
                    0.0
                ]
            ],
            "rouge_scores": []
        }
    },
    "temperature_sampling": {
        "(('temperature', 0.5),)": {
            "perplexity": [
                128.31846364339194,
                136.88592100143433,
                141.45290194617377
            ],