{
    "argmax": {
        "(('dim', -1),)": {
            "bleu_scores": [
                0.10885343224745485
            ],
            "chrf_scores": [
                19.264203084608255
            ],
            "distinct_1_scores": [
                0.811934735580056
            ],
            "repetition_percentages": [
                0.0
            ]
        }
    },
    "beam_search": {
        "(('beam_size', 5),)": {
            "bleu_scores": [
                0.1149527683122965
            ],
            "chrf_scores": [
                15.12884240817169
            ],
            "distinct_1_scores": [
                0.7517142857142857
            ],
            "repetition_percentages": [
                0.0
            ]
        },
        "(('beam_size', 10),)": {
            "bleu_scores": [
                0.1149527683122965
            ],
            "chrf_scores": [
                15.12884240817169
            ],
            "distinct_1_scores": [
                0.7517142857142857
            ],
            "repetition_percentages": [
                0.0
            ]
        },
        "(('beam_size', 15),)": {
            "bleu_scores": [
                0.1149527683122965
            ],
            "chrf_scores": [
                15.12884240817169
            ],
            "distinct_1_scores": [
                0.7517142857142857
            ],
            "repetition_percentages": [
                0.0
            ]
        }
    },
    "nucleus_sampling": {
        "(('top_p', 0.45),)": {
            "bleu_scores": [
                0.0
            ],
            "chrf_scores": [
                0.0
            ],
            "distinct_1_scores": [
                0.04334975369458129
            ],
            "repetition_percentages": [
                95.10204081632652
            ]
        },
        "(('top_p', 0.85),)": {
            "bleu_scores": [
                0.0636757844848159
            ],
            "chrf_scores": [
                0.9251545349526361
            ],
            "distinct_1_scores": [
                0.37438423645320196
            ],
            "repetition_percentages": [
                46.42857142857143
            ]
        },
        "(('top_p', 0.95),)": {
            "bleu_scores": [
                0.06544340318661078
            ],
            "chrf_scores": [
                2.0221951197218755
            ],
            "distinct_1_scores": [
                0.4782899366643208
            ],
            "repetition_percentages": [
                33.50357507660878
            ]
        }
    },
    "top_k_sampling": {
        "(('k', 10),)": {
            "bleu_scores": [
                0.17803665512924235
            ],
            "chrf_scores": [
                20.12111034647015
            ],
            "distinct_1_scores": [
                0.9368702270180105
            ],
            "repetition_percentages": [
                0.0
            ]
        },
        "(('k', 20),)": {
            "bleu_scores": [
                0.10435162836228701
            ],
            "chrf_scores": [
                19.047507255818015
            ],
            "distinct_1_scores": [
                0.9148291500508249
            ],
            "repetition_percentages": [
                0.31982942430703626
            ]
        },
        "(('k', 40),)": {
            "bleu_scores": [
                0.1066464419535258
            ],
            "chrf_scores": [
                19.305109119927316
            ],
            "distinct_1_scores": [
                0.941521359501655
            ],
            "repetition_percentages": [
                0.0
            ]
        }
    },
    "temperature_sampling": {
        "(('temperature', 0.5),)": {
            "bleu_scores": [
                0.10877034782968759
            ],
            "chrf_scores": [
                18.97887148579866
            ],
            "distinct_1_scores": [
                0.9050933193790335
            ],
            "repetition_percentages": [
                0.0
            ]
        },
        "(('temperature', 0.7),)": {
            "bleu_scores": [
                0.10568266900144029
            ],
            "chrf_scores": [
                19.214478662643252
            ],
            "distinct_1_scores": [
                0.9271002123218872
            ],
            "repetition_percentages": [
                0.0
            ]
        },
        "(('temperature', 0.9),)": {
            "bleu_scores": [
                0.16441318283926876
            ],
            "chrf_scores": [
                19.5077256426812
            ],
            "distinct_1_scores": [
                0.9400349057984526
            ],
            "repetition_percentages": [
                0.0
            ]
        }
    },
    "entmax_sampling": {
        "(('alpha', 1.2),)": {
            "bleu_scores": [
                0.1829291911517679
            ],
            "chrf_scores": [
                17.59901543444896
            ],
            "distinct_1_scores": [
                0.8666379961946464
            ],
            "repetition_percentages": [
                0.0
            ]
        },
        "(('alpha', 1.3),)": {
            "bleu_scores": [
                0.18158625975266943
            ],
            "chrf_scores": [
                19.121550228159816
            ],
            "distinct_1_scores": [
                0.8476946334089189
            ],
            "repetition_percentages": [
                0.0
            ]
        },
        "(('alpha', 1.4),)": {
            "bleu_scores": [
                0.10642983212235521
            ],
            "chrf_scores": [
                18.99595405003888
            ],
            "distinct_1_scores": [
                0.8534304320018608
            ],
            "repetition_percentages": [
                0.0
            ]
        },
        "(('alpha', 1.5),)": {
            "bleu_scores": [
                0.10619483808555258
            ],
            "chrf_scores": [
                18.398168723832267
            ],
            "distinct_1_scores": [
                0.8446503505616805
            ],
            "repetition_percentages": [
                0.0
            ]
        }
    }
}