{
    "argmax": {
        "(('num_beams', 1),)": {
            "perplexity": [
                898.9115600585938
            ],
            "bleu_scores": [
                0.7418507927107858
            ],
            "chrf_scores": [
                5.597014925373134
            ]
        }
    },
    "beam_search": {
        "(('beam_size', 2),)": {
            "perplexity": [
                589.6353149414062
            ],
            "bleu_scores": [
                1.0374991193584138
            ],
            "chrf_scores": [
                4.870129870129871
            ]
        },
        "(('beam_size', 5),)": {
            "perplexity": [
                462.6822814941406
            ],
            "bleu_scores": [
                0.9761451417360246
            ],
            "chrf_scores": [
                4.213483146067416
            ]
        },
        "(('beam_size', 10),)": {
            "perplexity": [
                450.6971130371094
            ],
            "bleu_scores": [
                1.0034361662853069
            ],
            "chrf_scores": [
                4.3227665706051885
            ]
        }
    },
    "nucleus_sampling": {
        "(('top_p', 0.5),)": {
            "perplexity": [
                1561.759765625
            ],
            "bleu_scores": [
                0.8681543797450799
            ],
            "chrf_scores": [
                4.601226993865031
            ]
        },
        "(('top_p', 0.8),)": {
            "perplexity": [
                2433.62158203125
            ],
            "bleu_scores": [
                1.0567555006356322
            ],
            "chrf_scores": [
                4.3103448275862055
            ]
        },
        "(('top_p', 0.9),)": {
            "perplexity": [
                2635.8193359375
            ],
            "bleu_scores": [
                0.8793396779176862
            ],
            "chrf_scores": [
                4.385964912280701
            ]
        }
    },
    "top_k_sampling": {
        "(('k', 5),)": {
            "perplexity": [
                1573.9383544921875
            ],
            "bleu_scores": [
                1.0220603260988486
            ],
            "chrf_scores": [
                4.109589041095891
            ]
        },
        "(('k', 10),)": {
            "perplexity": [
                1297.4049072265625
            ],
            "bleu_scores": [
                0.9847672258351119
            ],
            "chrf_scores": [
                4.010695187165775
            ]
        },
        "(('k', 20),)": {
            "perplexity": [
                1613.6712646484375
            ],
            "bleu_scores": [
                0.8632813635790964
            ],
            "chrf_scores": [
                4.335260115606936
            ]
        }
    },
    "temperature_sampling": {
        "(('temperature', 0.5),)": {
            "perplexity": [
                1892.1063232421875
            ],
            "bleu_scores": [
                0.9786376823468534
            ],
            "chrf_scores": [
                4.178272980501394
            ]
        },
        "(('temperature', 1.0),)": {
            "perplexity": [
                3154.596435546875
            ],
            "bleu_scores": [
                0.8875589832264612
            ],
            "chrf_scores": [
                3.9370078740157486
            ]
        },
        "(('temperature', 1.5),)": {
            "perplexity": [
                3244.6337890625
            ],
            "bleu_scores": [
                0.8893406627344308
            ],
            "chrf_scores": [
                3.6764705882352944
            ]
        }
    },
    "entmax_sampling": {
        "(('alpha', 0.5),)": {
            "perplexity": [
                2971.3984375
            ],
            "bleu_scores": [
                0.9842172319024961
            ],
            "chrf_scores": [
                3.8363171355498724
            ]
        },
        "(('alpha', 1.0),)": {
            "perplexity": [
                2444.55078125
            ],
            "bleu_scores": [
                1.083040628990689
            ],
            "chrf_scores": [
                4.901960784313725
            ]
        },
        "(('alpha', 1.5),)": {
            "perplexity": [
                2410.996826171875
            ],
            "bleu_scores": [
                0.7394335829513382
            ],
            "chrf_scores": [
                4.010695187165775
            ]
        }
    }
}