{
    "argmax": {
        "(('num_beams', 1),)": {
            "perplexity": [
                32432.001953125
            ],
            "bleu_scores": [
                0.8430009639532043
            ],
            "chrf_scores": [
                5.582433941198363
            ]
        }
    },
    "beam_search": {
        "(('beam_size', 2),)": {
            "perplexity": [
                31458.794921875
            ],
            "bleu_scores": [
                0.6330008719925126
            ],
            "chrf_scores": [
                5.9928086296444265
            ]
        },
        "(('beam_size', 5),)": {
            "perplexity": [
                29680.212890625
            ],
            "bleu_scores": [
                0.624608805794946
            ],
            "chrf_scores": [
                6.402048655569782
            ]
        },
        "(('beam_size', 10),)": {
            "perplexity": [
                26665.880859375
            ],
            "bleu_scores": [
                0.5548794081121226
            ],
            "chrf_scores": [
                6.070416835289355
            ]
        }
    },
    "nucleus_sampling": {
        "(('top_p', 0.5),)": {
            "perplexity": [
                39254.55078125
            ],
            "bleu_scores": [
                0.27912403823838905
            ],
            "chrf_scores": [
                5.324813631522897
            ]
        },
        "(('top_p', 0.8),)": {
            "perplexity": [
                41870.8203125
            ],
            "bleu_scores": [
                0.161674213242954
            ],
            "chrf_scores": [
                5.133470225872689
            ]
        },
        "(('top_p', 0.9),)": {
            "perplexity": [
                41849.94140625
            ],
            "bleu_scores": [
                0.1629219395015911
            ],
            "chrf_scores": [
                4.971826317533973
            ]
        }
    },
    "top_k_sampling": {
        "(('k', 5),)": {
            "perplexity": [
                35726.71484375
            ],
            "bleu_scores": [
                0.18517077783717895
            ],
            "chrf_scores": [
                5.645464809936019
            ]
        },
        "(('k', 10),)": {
            "perplexity": [
                37081.4140625
            ],
            "bleu_scores": [
                0.18584572641352032
            ],
            "chrf_scores": [
                5.594927265945542
            ]
        },
        "(('k', 20),)": {
            "perplexity": [
                39650.359375
            ],
            "bleu_scores": [
                0.15567293938092108
            ],
            "chrf_scores": [
                5.482456140350878
            ]
        }
    },
    "temperature_sampling": {
        "(('temperature', 0.5),)": {
            "perplexity": [
                39444.2109375
            ],
            "bleu_scores": [
                0.16259337814541275
            ],
            "chrf_scores": [
                5.09683995922528
            ]
        },
        "(('temperature', 1.0),)": {
            "perplexity": [
                41973.609375
            ],
            "bleu_scores": [
                0.14035662873912613
            ],
            "chrf_scores": [
                5.005005005005005
            ]
        },
        "(('temperature', 1.5),)": {
            "perplexity": [
                43061.9453125
            ],
            "bleu_scores": [
                0.14595155765776602
            ],
            "chrf_scores": [
                4.930966469428008
            ]
        }
    },
    "entmax_sampling": {
        "(('alpha', 0.5),)": {
            "perplexity": [
                42451.375
            ],
            "bleu_scores": [
                0.14104812003901016
            ],
            "chrf_scores": [
                5.048805116122518
            ]
        },
        "(('alpha', 1.0),)": {
            "perplexity": [
                41751.0390625
            ],
            "bleu_scores": [
                0.15847115733601125
            ],
            "chrf_scores": [
                5.126452494873549
            ]
        },
        "(('alpha', 1.5),)": {
            "perplexity": [
                41497.06640625
            ],
            "bleu_scores": [
                0.1686702226249105
            ],
            "chrf_scores": [
                5.161734342739161
            ]
        }
    }
}