{
    "argmax": {
        "(('num_beams', 1),)": {
            "bleu_scores": [
                0.7722181386332906
            ],
            "chrf_scores": [
                18.763850173534404
            ],
            "cer_scores": [
                0.7714285714285715
            ],
            "distinct_2_scores": [
                0.8680980130980133
            ]
        }
    },
    "beam_search": {
        "(('beam_size', 5),)": {
            "bleu_scores": [
                0.5622441634491555
            ],
            "chrf_scores": [
                16.378582118591197
            ],
            "cer_scores": [
                0.7818367346938776
            ],
            "distinct_2_scores": [
                0.8872772465629609
            ]
        },
        "(('beam_size', 10),)": {
            "bleu_scores": [
                0.5037353137218517
            ],
            "chrf_scores": [
                16.69475032924637
            ],
            "cer_scores": [
                0.7875510204081633
            ],
            "distinct_2_scores": [
                0.8823208537494251
            ]
        },
        "(('beam_size', 15),)": {
            "bleu_scores": [
                0.2638421434211725
            ],
            "chrf_scores": [
                15.63959861144034
            ],
            "cer_scores": [
                0.7916326530612245
            ],
            "distinct_2_scores": [
                0.8830705009276437
            ]
        }
    },
    "nucleus_sampling": {
        "(('top_p', 0.45),)": {
            "bleu_scores": [
                0.1476292594937388
            ],
            "chrf_scores": [
                19.16754563682722
            ],
            "cer_scores": [
                0.7808163265306123
            ],
            "distinct_2_scores": [
                0.9144820259105971
            ]
        },
        "(('top_p', 0.85),)": {
            "bleu_scores": [
                0.13772928865647863
            ],
            "chrf_scores": [
                18.75272633720591
            ],
            "cer_scores": [
                0.8036734693877551
            ],
            "distinct_2_scores": [
                0.9180743742718533
            ]
        },
        "(('top_p', 0.9),)": {
            "bleu_scores": [
                0.13381123243551965
            ],
            "chrf_scores": [
                18.91383261455497
            ],
            "cer_scores": [
                0.7991836734693878
            ],
            "distinct_2_scores": [
                0.9188205871233289
            ]
        },
        "(('top_p', 0.95),)": {
            "bleu_scores": [
                0.13352172418588545
            ],
            "chrf_scores": [
                19.770483966183434
            ],
            "cer_scores": [
                0.8026530612244898
            ],
            "distinct_2_scores": [
                0.9194075765504339
            ]
        }
    },
    "top_k_sampling": {
        "(('k', 10),)": {
            "bleu_scores": [
                0.1558103658928853
            ],
            "chrf_scores": [
                17.8366732803345
            ],
            "cer_scores": [
                0.7887755102040817
            ],
            "distinct_2_scores": [
                0.9104740101168671
            ]
        },
        "(('k', 20),)": {
            "bleu_scores": [
                0.15247884717768054
            ],
            "chrf_scores": [
                18.941826719898852
            ],
            "cer_scores": [
                0.7944897959183673
            ],
            "distinct_2_scores": [
                0.9156193013335872
            ]
        },
        "(('k', 40),)": {
            "bleu_scores": [
                0.14460871273839201
            ],
            "chrf_scores": [
                19.60194744643951
            ],
            "cer_scores": [
                0.7838775510204081
            ],
            "distinct_2_scores": [
                0.915888516245659
            ]
        },
        "(('k', 80),)": {
            "bleu_scores": [
                0.14016321749184243
            ],
            "chrf_scores": [
                19.850767018678404
            ],
            "cer_scores": [
                0.7989795918367347
            ],
            "distinct_2_scores": [
                0.9205193687093289
            ]
        }
    },
    "temperature_sampling": {
        "(('temperature', 0.5),)": {
            "bleu_scores": [
                0.25815998572859367
            ],
            "chrf_scores": [
                19.419007343857373
            ],
            "cer_scores": [
                0.7973469387755102
            ],
            "distinct_2_scores": [
                0.9172211518640089
            ]
        },
        "(('temperature', 0.7),)": {
            "bleu_scores": [
                0.1387661069021648
            ],
            "chrf_scores": [
                18.93425855368899
            ],
            "cer_scores": [
                0.7910204081632654
            ],
            "distinct_2_scores": [
                0.9156485327537957
            ]
        },
        "(('temperature', 0.9),)": {
            "bleu_scores": [
                0.14475893096192788
            ],
            "chrf_scores": [
                19.840360517143125
            ],
            "cer_scores": [
                0.7977551020408163
            ],
            "distinct_2_scores": [
                0.9207214494189283
            ]
        }
    },
    "entmax_sampling": {
        "(('alpha', 1.2),)": {
            "bleu_scores": [
                0.14240419962329368
            ],
            "chrf_scores": [
                20.23010626805396
            ],
            "cer_scores": [
                0.7955102040816326
            ],
            "distinct_2_scores": [
                0.9211978660928241
            ]
        },
        "(('alpha', 1.3),)": {
            "bleu_scores": [
                0.12970057326803838
            ],
            "chrf_scores": [
                18.935878369400857
            ],
            "cer_scores": [
                0.8122448979591836
            ],
            "distinct_2_scores": [
                0.9219145420405923
            ]
        },
        "(('alpha', 1.4),)": {
            "bleu_scores": [
                0.13036785905610146
            ],
            "chrf_scores": [
                18.273355552643974
            ],
            "cer_scores": [
                0.7916326530612245
            ],
            "distinct_2_scores": [
                0.9181380816343223
            ]
        },
        "(('alpha', 1.5),)": {
            "bleu_scores": [
                0.14309844498751575
            ],
            "chrf_scores": [
                19.437868912905756
            ],
            "cer_scores": [
                0.8018367346938775
            ],
            "distinct_2_scores": [
                0.9195058909344624
            ]
        }
    }
}