{
    "argmax": {},
    "beam_search": {
        "(('beam_size', 2),)": {
            "perplexity": [
                1350.603707885742,
                1507.8827000935873,
                1501.0788733588324
            ],
            "bleu_scores": [
                [
                    0.9344313290082814,
                    0.8891561897014538,
                    0.8068907640980618,
                    0.6863181832806152,
                    0.5711975149597966
                ],
                [
                    0.9714813529589228,
                    0.9318211277139415,
                    0.8560691893017818,
                    0.7425471561125068,
                    0.6219899199116483
                ],
                [
                    0.9851099444490571,
                    0.9578067424841967,
                    0.8990660298338872,
                    0.8011436842925377,
                    0.6893635328447039
                ]
            ],
            "rouge_scores": [
                [
                    0.01,
                    0.0
                ],
                [
                    0.010869565217391304,
                    0.00196078431372549
                ],
                [
                    0.00935672514619883,
                    0.0012345679012345679
                ]
            ]
        },
        "(('beam_size', 5),)": {
            "perplexity": [
                1350.603707885742,
                1507.8827000935873,
                1501.0788733588324
            ],
            "bleu_scores": [
                [
                    0.9344313290082814,
                    0.8891561897014538,
                    0.8068907640980618,
                    0.6863181832806152,
                    0.5711975149597966
                ],
                [
                    0.9714813529589228,
                    0.9318211277139415,
                    0.8560691893017818,
                    0.7425471561125068,
                    0.6219899199116483
                ],
                [
                    0.9851099444490571,
                    0.9578067424841967,
                    0.8990660298338872,
                    0.8011436842925377,
                    0.6893635328447039
                ]
            ],
            "rouge_scores": [
                [
                    0.01,
                    0.0
                ],
                [
                    0.010869565217391304,
                    0.00196078431372549
                ],
                [
                    0.00935672514619883,
                    0.0012345679012345679
                ]
            ]
        },
        "(('beam_size', 10),)": {
            "perplexity": [
                1350.603707885742,
                1507.8827000935873,
                1501.0788733588324
            ],
            "bleu_scores": [
                [
                    0.9344313290082814,
                    0.8891561897014538,
                    0.8068907640980618,
                    0.6863181832806152,
                    0.5711975149597966
                ],
                [
                    0.9714813529589228,
                    0.9318211277139415,
                    0.8560691893017818,
                    0.7425471561125068,
                    0.6219899199116483
                ],
                [
                    0.9851099444490571,
                    0.9578067424841967,
                    0.8990660298338872,
                    0.8011436842925377,
                    0.6893635328447039
                ]
            ],
            "rouge_scores": [
                [
                    0.01,
                    0.0
                ],
                [
                    0.010869565217391304,
                    0.00196078431372549
                ],
                [
                    0.00935672514619883,
                    0.0012345679012345679
                ]
            ]
        }
    },
    "nucleus_sampling": {
        "(('top_p', 0.5),)": {
            "perplexity": [
                1350.603707885742,
                1507.8827000935873,
                1501.0788733588324
            ],
            "bleu_scores": [
                [
                    0.9344313290082814,
                    0.8891561897014538,
                    0.8068907640980618,
                    0.6863181832806152,
                    0.5711975149597966
                ],
                [
                    0.9714813529589228,
                    0.9318211277139415,
                    0.8560691893017818,
                    0.7425471561125068,
                    0.6219899199116483
                ],
                [
                    0.9851099444490571,
                    0.9578067424841967,
                    0.8990660298338872,
                    0.8011436842925377,
                    0.6893635328447039
                ]
            ],
            "rouge_scores": [
                [
                    0.01,
                    0.0
                ],
                [
                    0.010869565217391304,
                    0.00196078431372549
                ],
                [
                    0.00935672514619883,
                    0.0012345679012345679
                ]
            ]
        },
        "(('top_p', 0.8),)": {
            "perplexity": [
                1350.603707885742,
                1507.8827000935873,
                1501.0788733588324
            ],
            "bleu_scores": [
                [
                    0.9344313290082814,
                    0.8891561897014538,
                    0.8068907640980618,
                    0.6863181832806152,
                    0.5711975149597966
                ],
                [
                    0.9714813529589228,
                    0.9318211277139415,
                    0.8560691893017818,
                    0.7425471561125068,
                    0.6219899199116483
                ],
                [
                    0.9851099444490571,
                    0.9578067424841967,
                    0.8990660298338872,
                    0.8011436842925377,
                    0.6893635328447039
                ]
            ],
            "rouge_scores": [
                [
                    0.01,
                    0.0
                ],
                [
                    0.010869565217391304,
                    0.00196078431372549
                ],
                [
                    0.00935672514619883,
                    0.0012345679012345679
                ]
            ]
        },
        "(('top_p', 0.9),)": {
            "perplexity": [
                1350.603707885742,
                1507.8827000935873,
                1501.0788733588324
            ],
            "bleu_scores": [
                [
                    0.9344313290082814,
                    0.8891561897014538,
                    0.8068907640980618,
                    0.6863181832806152,
                    0.5711975149597966
                ],
                [
                    0.9714813529589228,
                    0.9318211277139415,
                    0.8560691893017818,
                    0.7425471561125068,
                    0.6219899199116483
                ],
                [
                    0.9851099444490571,
                    0.9578067424841967,
                    0.8990660298338872,
                    0.8011436842925377,
                    0.6893635328447039
                ]
            ],
            "rouge_scores": [
                [
                    0.01,
                    0.0
                ],
                [
                    0.010869565217391304,
                    0.00196078431372549
                ],
                [
                    0.00935672514619883,
                    0.0012345679012345679
                ]
            ]
        }
    },