{
    "argmax": {
        "(('num_beams', 1),)": {
            "perplexity": [
                33700.5078125
            ],
            "bleu_scores": [
                0.7576275658607069
            ],
            "chrf_scores": [
                18.01335219432108
            ]
        }
    },
    "beam_search": {
        "(('beam_size', 5),)": {
            "perplexity": [
                31285.68359375
            ],
            "bleu_scores": [
                0.5407574110925465
            ],
            "chrf_scores": [
                15.377750380442032
            ]
        },
        "(('beam_size', 10),)": {
            "perplexity": [
                28555.5703125
            ],
            "bleu_scores": [
                0.4773355688445506
            ],
            "chrf_scores": [
                16.074756326400536
            ]
        },
        "(('beam_size', 15),)": {
            "perplexity": [
                29078.45703125
            ],
            "bleu_scores": [
                0.2512782729474842
            ],
            "chrf_scores": [
                14.85091232101508
            ]
        }
    },
    "nucleus_sampling": {
        "(('top_p', 0.45),)": {
            "perplexity": [
                40480.96875
            ],
            "bleu_scores": [
                0.15174470674508972
            ],
            "chrf_scores": [
                18.773966946992754
            ]
        },
        "(('top_p', 0.85),)": {
            "perplexity": [
                41022.33203125
            ],
            "bleu_scores": [
                0.14675498917234878
            ],
            "chrf_scores": [
                18.003875460626663
            ]
        },
        "(('top_p', 0.95),)": {
            "perplexity": [
                NaN
            ],
            "bleu_scores": [
                0.12289641133513078
            ],
            "chrf_scores": [
                18.703688884958243
            ]
        }
    },
    "top_k_sampling": {
        "(('k', 10),)": {
            "perplexity": [
                38908.86328125
            ],
            "bleu_scores": [
                0.3148548322496827
            ],
            "chrf_scores": [
                17.070300205432943
            ]
        },
        "(('k', 20),)": {
            "perplexity": [
                40138.06640625
            ],
            "bleu_scores": [
                0.14175785108391634
            ],
            "chrf_scores": [
                18.73762636264902
            ]
        },
        "(('k', 40),)": {
            "perplexity": [
                41091.43359375
            ],
            "bleu_scores": [
                0.13654061647969218
            ],
            "chrf_scores": [
                18.111675940532777
            ]
        }
    },
    "temperature_sampling": {
        "(('temperature', 0.5),)": {
            "perplexity": [
                40234.03125
            ],
            "bleu_scores": [
                0.14880319474225617
            ],
            "chrf_scores": [
                19.344310912434082
            ]
        },
        "(('temperature', 0.7),)": {
            "perplexity": [
                42314.234375
            ],
            "bleu_scores": [
                0.12177130177617859
            ],
            "chrf_scores": [
                18.096366181952746
            ]
        },
        "(('temperature', 0.9),)": {
            "perplexity": [
                42302.65234375
            ],
            "bleu_scores": [
                0.14873837215692162
            ],
            "chrf_scores": [
                19.335716868061077
            ]
        }
    },
    "entmax_sampling": {
        "(('alpha', 1.2),)": {
            "perplexity": [
                41254.841796875
            ],
            "bleu_scores": [
                0.13363174701471528
            ],
            "chrf_scores": [
                19.44932525764006
            ]
        },
        "(('alpha', 1.3),)": {
            "perplexity": [
                41233.955078125
            ],
            "bleu_scores": [
                0.13057528286633574
            ],
            "chrf_scores": [
                17.924340803419703
            ]
        },
        "(('alpha', 1.4),)": {
            "perplexity": [
                45525.361328125
            ],
            "bleu_scores": [
                0.12726503017459367
            ],
            "chrf_scores": [
                18.200578206134818
            ]
        },
        "(('alpha', 1.5),)": {
            "perplexity": [
                42756.75
            ],
            "bleu_scores": [
                0.12813971703725224
            ],
            "chrf_scores": [
                18.633276574017707
            ]
        }
    }
}