{
    "argmax": {},
    "beam_search": {
        "(('beam_size', 2),)": {
            "perplexity": [
                4391.826025390625,
                4391.731290690104,
                4394.473649088542
            ],
            "bleu_scores": [
                [
                    0.9682434480192409,
                    0.9273457833612874,
                    0.8499886667451612,
                    0.7567429820553239,
                    0.6696869661839211
                ],
                [
                    0.9799406843648374,
                    0.9544104473675895,
                    0.9019441494573424,
                    0.8270960617552656,
                    0.747078182057391
                ],
                [
                    0.9870597485210744,
                    0.9683538975520573,
                    0.9273332005337963,
                    0.8644657430444528,
                    0.792729563323909
                ]
            ],
            "rouge_scores": [
                [
                    0.006666666666666667,
                    0.0
                ],
                [
                    0.002898550724637681,
                    0.0
                ],
                [
                    0.0017777777777777779,
                    0.0
                ]
            ]
        },
        "(('beam_size', 5),)": {
            "perplexity": [
                4391.826025390625,
                4391.731290690104,
                4394.473649088542
            ],
            "bleu_scores": [
                [
                    0.9682434480192409,
                    0.9273457833612874,
                    0.8499886667451612,
                    0.7567429820553239,
                    0.6696869661839211
                ],
                [
                    0.9799406843648374,
                    0.9544104473675895,
                    0.9019441494573424,
                    0.8270960617552656,
                    0.747078182057391
                ],
                [
                    0.9870597485210744,
                    0.9683538975520573,
                    0.9273332005337963,
                    0.8644657430444528,
                    0.792729563323909
                ]
            ],
            "rouge_scores": [
                [
                    0.006666666666666667,
                    0.0
                ],
                [
                    0.002898550724637681,
                    0.0
                ],
                [
                    0.0017777777777777779,
                    0.0
                ]
            ]
        },
        "(('beam_size', 10),)": {
            "perplexity": [
                4391.826025390625,
                4391.731290690104,
                4394.473649088542
            ],
            "bleu_scores": [
                [
                    0.9682434480192409,
                    0.9273457833612874,
                    0.8499886667451612,
                    0.7567429820553239,
                    0.6696869661839211
                ],
                [
                    0.9799406843648374,
                    0.9544104473675895,
                    0.9019441494573424,
                    0.8270960617552656,
                    0.747078182057391
                ],
                [
                    0.9870597485210744,
                    0.9683538975520573,
                    0.9273332005337963,
                    0.8644657430444528,
                    0.792729563323909
                ]
            ],
            "rouge_scores": [
                [
                    0.006666666666666667,
                    0.0
                ],
                [
                    0.002898550724637681,
                    0.0
                ],
                [
                    0.0017777777777777779,
                    0.0
                ]
            ]
        }
    },
    "nucleus_sampling": {
        "(('top_p', 0.5),)": {
            "perplexity": [
                4391.826025390625,
                4391.731290690104,
                4394.473649088542
            ],
            "bleu_scores": [
                [
                    0.9682434480192409,
                    0.9273457833612874,
                    0.8499886667451612,
                    0.7567429820553239,
                    0.6696869661839211
                ],
                [
                    0.9799406843648374,
                    0.9544104473675895,
                    0.9019441494573424,
                    0.8270960617552656,
                    0.747078182057391
                ],
                [
                    0.9870597485210744,
                    0.9683538975520573,
                    0.9273332005337963,
                    0.8644657430444528,
                    0.792729563323909
                ]
            ],
            "rouge_scores": [
                [
                    0.006666666666666667,
                    0.0
                ],
                [
                    0.002898550724637681,
                    0.0
                ],
                [
                    0.0017777777777777779,
                    0.0
                ]
            ]
        },
        "(('top_p', 0.8),)": {
            "perplexity": [
                4391.826025390625,
                4391.731290690104,
                4394.473649088542
            ],
            "bleu_scores": [
                [
                    0.9682434480192409,
                    0.9273457833612874,
                    0.8499886667451612,
                    0.7567429820553239,
                    0.6696869661839211
                ],
                [
                    0.9799406843648374,
                    0.9544104473675895,
                    0.9019441494573424,
                    0.8270960617552656,
                    0.747078182057391
                ],
                [
                    0.9870597485210744,
                    0.9683538975520573,
                    0.9273332005337963,
                    0.8644657430444528,
                    0.792729563323909
                ]
            ],
            "rouge_scores": [
                [
                    0.006666666666666667,
                    0.0
                ],
                [
                    0.002898550724637681,
                    0.0
                ],
                [
                    0.0017777777777777779,
                    0.0
                ]
            ]
        },
        "(('top_p', 0.9),)": {
            "perplexity": [
                4391.826025390625,
                4391.731290690104,
                4394.473649088542
            ],
            "bleu_scores": [
                [
                    0.9682434480192409,
                    0.9273457833612874,
                    0.8499886667451612,
                    0.7567429820553239,
                    0.6696869661839211
                ],
                [
                    0.9799406843648374,
                    0.9544104473675895,
                    0.9019441494573424,
                    0.8270960617552656,
                    0.747078182057391
                ],
                [
                    0.9870597485210744,
                    0.9683538975520573,
                    0.9273332005337963,
                    0.8644657430444528,
                    0.792729563323909
                ]
            ],
            "rouge_scores": [
                [
                    0.006666666666666667,
                    0.0
                ],
                [
                    0.002898550724637681,
                    0.0
                ],
                [
                    0.0017777777777777779,
                    0.0
                ]
            ]
        }
    },