{
    "argmax": {
        "(('num_beams', 1),)": {
            "bleu_scores": [
                0.0
            ],
            "chrf_scores": [
                0.12948972119523475
            ],
            "cer_scores": [
                0.9975510204081632
            ],
            "distinct_2_scores": [
                0.0
            ]
        }
    },
    "beam_search": {
        "(('beam_size', 5),)": {
            "bleu_scores": [
                0.1637544091245132
            ],
            "chrf_scores": [
                7.366986354750171
            ],
            "cer_scores": [
                0.8210204081632653
            ],
            "distinct_2_scores": [
                0.877437641723356
            ]
        },
        "(('beam_size', 10),)": {
            "bleu_scores": [
                0.16518398717508528
            ],
            "chrf_scores": [
                7.421670220190769
            ],
            "cer_scores": [
                0.8208163265306122
            ],
            "distinct_2_scores": [
                0.8788548752834469
            ]
        },
        "(('beam_size', 15),)": {
            "bleu_scores": [
                0.16494399052256697
            ],
            "chrf_scores": [
                7.4131231795342565
            ],
            "cer_scores": [
                0.8206122448979591
            ],
            "distinct_2_scores": [
                0.8777777777777779
            ]
        }
    },
    "nucleus_sampling": {
        "(('top_p', 0.45),)": {
            "bleu_scores": [
                0.14752205768112503
            ],
            "chrf_scores": [
                11.306831620422814
            ],
            "cer_scores": [
                0.7838775510204081
            ],
            "distinct_2_scores": [
                0.9160785456373692
            ]
        },
        "(('top_p', 0.85),)": {
            "bleu_scores": [
                0.16296564974806263
            ],
            "chrf_scores": [
                14.880618642982505
            ],
            "cer_scores": [
                0.7775510204081633
            ],
            "distinct_2_scores": [
                0.9246078600744675
            ]
        },
        "(('top_p', 0.9),)": {
            "bleu_scores": [
                0.1718889011613041
            ],
            "chrf_scores": [
                15.25669207585508
            ],
            "cer_scores": [
                0.769795918367347
            ],
            "distinct_2_scores": [
                0.922175578856251
            ]
        },
        "(('top_p', 0.95),)": {
            "bleu_scores": [
                0.17454695448806543
            ],
            "chrf_scores": [
                14.827168825838896
            ],
            "cer_scores": [
                0.7681632653061224
            ],
            "distinct_2_scores": [
                0.9207512784281915
            ]
        }
    },
    "top_k_sampling": {
        "(('k', 10),)": {
            "bleu_scores": [
                0.12855429701023852
            ],
            "chrf_scores": [
                9.887074122537234
            ],
            "cer_scores": [
                0.7908163265306123
            ],
            "distinct_2_scores": [
                0.9056322132582637
            ]
        },
        "(('k', 20),)": {
            "bleu_scores": [
                0.15045565829628693
            ],
            "chrf_scores": [
                11.713478725448086
            ],
            "cer_scores": [
                0.7757142857142857
            ],
            "distinct_2_scores": [
                0.9222817734626667
            ]
        },
        "(('k', 40),)": {
            "bleu_scores": [
                0.17525388377521514
            ],
            "chrf_scores": [
                14.50412363230795
            ],
            "cer_scores": [
                0.7724489795918368
            ],
            "distinct_2_scores": [
                0.9154152919909222
            ]
        },
        "(('k', 80),)": {
            "bleu_scores": [
                0.17490407848741477
            ],
            "chrf_scores": [
                14.067317259642245
            ],
            "cer_scores": [
                0.7816326530612245
            ],
            "distinct_2_scores": [
                0.9072564223824727
            ]
        }
    },
    "temperature_sampling": {
        "(('temperature', 0.5),)": {
            "bleu_scores": [
                0.16802732377232057
            ],
            "chrf_scores": [
                14.219691273687761
            ],
            "cer_scores": [
                0.7732653061224489
            ],
            "distinct_2_scores": [
                0.9198112397946541
            ]
        },
        "(('temperature', 0.7),)": {
            "bleu_scores": [
                0.28305543490354423
            ],
            "chrf_scores": [
                14.86876355940753
            ],
            "cer_scores": [
                0.7679591836734694
            ],
            "distinct_2_scores": [
                0.9268141091548874
            ]
        },
        "(('temperature', 0.9),)": {
            "bleu_scores": [
                0.1774740647299635
            ],
            "chrf_scores": [
                14.80048507875119
            ],
            "cer_scores": [
                0.7669387755102041
            ],
            "distinct_2_scores": [
                0.9216733709800936
            ]
        }
    },
    "entmax_sampling": {
        "(('alpha', 1.2),)": {
            "bleu_scores": [
                0.17829388914508904
            ],
            "chrf_scores": [
                14.740863944544197
            ],
            "cer_scores": [
                0.773673469387755
            ],
            "distinct_2_scores": [
                0.9279139557921072
            ]
        },
        "(('alpha', 1.3),)": {
            "bleu_scores": [
                0.16903037141272878
            ],
            "chrf_scores": [
                14.892789510918226
            ],
            "cer_scores": [
                0.7775510204081633
            ],
            "distinct_2_scores": [
                0.9220670494918616
            ]
        },
        "(('alpha', 1.4),)": {
            "bleu_scores": [
                0.17213982642200584
            ],
            "chrf_scores": [
                14.163716635100302
            ],
            "cer_scores": [
                0.7740816326530612
            ],
            "distinct_2_scores": [
                0.9214437092466724
            ]
        },
        "(('alpha', 1.5),)": {
            "bleu_scores": [
                0.16359281469295073
            ],
            "chrf_scores": [
                14.710892951267724
            ],
            "cer_scores": [
                0.7661224489795918
            ],
            "distinct_2_scores": [
                0.9242136761464491
            ]
        }
    }
}