{
    "argmax": {
        "(('num_beams', 1),)": {
            "perplexity": [
                663.5023193359375
            ],
            "bleu_scores": [
                0.0
            ],
            "chrf_scores": [
                0.5707762557077625
            ]
        }
    },
    "beam_search": {
        "(('beam_size', 2),)": {
            "perplexity": [
                968.9412841796875
            ],
            "bleu_scores": [
                0.20318480047955298
            ],
            "chrf_scores": [
                10.101010101010104
            ]
        },
        "(('beam_size', 5),)": {
            "perplexity": [
                967.1701049804688
            ],
            "bleu_scores": [
                0.1985504406376519
            ],
            "chrf_scores": [
                9.752925877763326
            ]
        },
        "(('beam_size', 10),)": {
            "perplexity": [
                962.11865234375
            ],
            "bleu_scores": [
                0.19964148149547922
            ],
            "chrf_scores": [
                9.721322099805574
            ]
        }
    },
    "nucleus_sampling": {
        "(('top_p', 0.5),)": {
            "perplexity": [
                1090.6798095703125
            ],
            "bleu_scores": [
                0.18313598497378253
            ],
            "chrf_scores": [
                8.12127774769897
            ]
        },
        "(('top_p', 0.8),)": {
            "perplexity": [
                1177.3299560546875
            ],
            "bleu_scores": [
                0.18250582865686588
            ],
            "chrf_scores": [
                7.281553398058254
            ]
        },
        "(('top_p', 0.9),)": {
            "perplexity": [
                1207.90234375
            ],
            "bleu_scores": [
                0.20207614772573987
            ],
            "chrf_scores": [
                7.1394574012375065
            ]
        }
    },
    "top_k_sampling": {
        "(('k', 5),)": {
            "perplexity": [
                1025.0029296875
            ],
            "bleu_scores": [
                0.21115316090833508
            ],
            "chrf_scores": [
                9.052504526252266
            ]
        },
        "(('k', 10),)": {
            "perplexity": [
                918.2408447265625
            ],
            "bleu_scores": [
                0.15223272102232438
            ],
            "chrf_scores": [
                8.32870627429206
            ]
        },
        "(('k', 20),)": {
            "perplexity": [
                1028.952392578125
            ],
            "bleu_scores": [
                0.16964733886616193
            ],
            "chrf_scores": [
                7.894736842105263
            ]
        }
    },
    "temperature_sampling": {
        "(('temperature', 0.5),)": {
            "perplexity": [
                1164.9771728515625
            ],
            "bleu_scores": [
                0.1819563153621633
            ],
            "chrf_scores": [
                7.0821529745042495
            ]
        },
        "(('temperature', 1.0),)": {
            "perplexity": [
                1296.4525146484375
            ],
            "bleu_scores": [
                0.19911335577851694
            ],
            "chrf_scores": [
                7.378258730939498
            ]
        },
        "(('temperature', 1.5),)": {
            "perplexity": [
                1334.507568359375
            ],
            "bleu_scores": [
                0.19075768335548487
            ],
            "chrf_scores": [
                6.8902158934313285
            ]
        }
    },
    "entmax_sampling": {
        "(('alpha', 0.5),)": {
            "perplexity": [
                1247.559326171875
            ],
            "bleu_scores": [
                0.19097531497168896
            ],
            "chrf_scores": [
                7.285089849441477
            ]
        },
        "(('alpha', 1.0),)": {
            "perplexity": [
                1262.9720458984375
            ],
            "bleu_scores": [
                0.1980392076926632
            ],
            "chrf_scores": [
                7.274490785645006
            ]
        },
        "(('alpha', 1.5),)": {
            "perplexity": [
                1256.20849609375
            ],
            "bleu_scores": [
                0.31938828314565043
            ],
            "chrf_scores": [
                7.183908045977011
            ]
        }
    }
}