{
    "argmax": {},
    "beam_search": {
        "(('beam_size', 2),)": {
            "perplexity": [
                4417.763785807291,
                4418.509448242187,
                4421.2752061631945
            ],
            "bleu_scores": [
                [
                    0.9611251461562798,
                    0.9170042068877637,
                    0.8425281815174757,
                    0.762091589193094,
                    0.6818573550142858
                ],
                [
                    0.9872165816001981,
                    0.9610315393069915,
                    0.907856357037317,
                    0.8378270509606804,
                    0.7625097441181182
                ],
                [
                    0.9877714116822426,
                    0.96937521802975,
                    0.9297735479171373,
                    0.8697198054692488,
                    0.799288836281316
                ]
            ]
        },
        "(('beam_size', 5),)": {
            "perplexity": [
                4417.763785807291,
                4418.509448242187,
                4421.2752061631945
            ],
            "bleu_scores": [
                [
                    0.9611251461562798,
                    0.9170042068877637,
                    0.8425281815174757,
                    0.762091589193094,
                    0.6818573550142858
                ],
                [
                    0.9872165816001981,
                    0.9610315393069915,
                    0.907856357037317,
                    0.8378270509606804,
                    0.7625097441181182
                ],
                [
                    0.9877714116822426,
                    0.96937521802975,
                    0.9297735479171373,
                    0.8697198054692488,
                    0.799288836281316
                ]
            ]
        },
        "(('beam_size', 10),)": {
            "perplexity": [
                4417.763785807291,
                4418.509448242187,
                4421.2752061631945
            ],
            "bleu_scores": [
                [
                    0.9611251461562798,
                    0.9170042068877637,
                    0.8425281815174757,
                    0.762091589193094,
                    0.6818573550142858
                ],
                [
                    0.9872165816001981,
                    0.9610315393069915,
                    0.907856357037317,
                    0.8378270509606804,
                    0.7625097441181182
                ],
                [
                    0.9877714116822426,
                    0.96937521802975,
                    0.9297735479171373,
                    0.8697198054692488,
                    0.799288836281316
                ]
            ]
        }
    },
    "nucleus_sampling": {
        "(('top_p', 0.5),)": {
            "perplexity": [
                4417.763785807291,
                4418.509448242187,
                4421.2752061631945
            ],
            "bleu_scores": [
                [
                    0.9611251461562798,
                    0.9170042068877637,
                    0.8425281815174757,
                    0.762091589193094,
                    0.6818573550142858
                ],
                [
                    0.9872165816001981,
                    0.9610315393069915,
                    0.907856357037317,
                    0.8378270509606804,
                    0.7625097441181182
                ],
                [
                    0.9877714116822426,
                    0.96937521802975,
                    0.9297735479171373,
                    0.8697198054692488,
                    0.799288836281316
                ]
            ]
        },
        "(('top_p', 0.8),)": {
            "perplexity": [
                4417.763785807291,
                4418.509448242187,
                4421.2752061631945
            ],
            "bleu_scores": [
                [
                    0.9611251461562798,
                    0.9170042068877637,
                    0.8425281815174757,
                    0.762091589193094,
                    0.6818573550142858
                ],
                [
                    0.9872165816001981,
                    0.9610315393069915,
                    0.907856357037317,
                    0.8378270509606804,
                    0.7625097441181182
                ],
                [
                    0.9877714116822426,
                    0.96937521802975,
                    0.9297735479171373,
                    0.8697198054692488,
                    0.799288836281316
                ]
            ]
        },
        "(('top_p', 0.9),)": {
            "perplexity": [
                4417.763785807291,
                4418.509448242187,
                4421.2752061631945
            ],
            "bleu_scores": [
                [
                    0.9611251461562798,
                    0.9170042068877637,
                    0.8425281815174757,
                    0.762091589193094,
                    0.6818573550142858
                ],
                [
                    0.9872165816001981,
                    0.9610315393069915,
                    0.907856357037317,
                    0.8378270509606804,
                    0.7625097441181182
                ],
                [
                    0.9877714116822426,
                    0.96937521802975,
                    0.9297735479171373,
                    0.8697198054692488,
                    0.799288836281316
                ]
            ]
        }
    },
    "top_k_sampling": {
        "(('k', 5),)": {
            "perplexity": [
                4417.763785807291,
                4418.509448242187,
                4421.2752061631945
            ],
            "bleu_scores": [
                [
                    0.9611251461562798,
                    0.9170042068877637,
                    0.8425281815174757,
                    0.762091589193094,
                    0.6818573550142858
                ],
                [
                    0.9872165816001981,
                    0.9610315393069915,
                    0.907856357037317,
                    0.8378270509606804,
                    0.7625097441181182
                ],
                [
                    0.9877714116822426,
                    0.96937521802975,
                    0.9297735479171373,
                    0.8697198054692488,
                    0.799288836281316
                ]
            ]
        },
        "(('k', 10),)": {
            "perplexity": [
                4417.763785807291,
                4418.509448242187,
                4421.2752061631945
            ],
            "bleu_scores": [
                [
                    0.9611251461562798,
                    0.9170042068877637,
                    0.8425281815174757,
                    0.762091589193094,
                    0.6818573550142858
                ],
                [
                    0.9872165816001981,
                    0.9610315393069915,
                    0.907856357037317,
                    0.8378270509606804,
                    0.7625097441181182
                ],
                [
                    0.9877714116822426,
                    0.96937521802975,
                    0.9297735479171373,
                    0.8697198054692488,
                    0.799288836281316
                ]
            ]
        },
        "(('k', 20),)": {
            "perplexity": [
                4417.763785807291,
                4418.509448242187,
                4421.2752061631945
            ],