{
    "argmax": {
        "(('num_beams', 1),)": {
            "perplexity": [
                3711.790771484375
            ],
            "bleu_scores": [
                0.5163250448955787
            ],
            "chrf_scores": [
                0.0
            ]
        }
    },
    "beam_search": {
        "(('beam_size', 2),)": {
            "perplexity": [
                4035.598388671875
            ],
            "bleu_scores": [
                1.0668140688879333
            ],
            "chrf_scores": [
                3.257328990228013
            ]
        },
        "(('beam_size', 5),)": {
            "perplexity": [
                4036.776123046875
            ],
            "bleu_scores": [
                1.1181343051499593
            ],
            "chrf_scores": [
                3.257328990228013
            ]
        },
        "(('beam_size', 10),)": {
            "perplexity": [
                4045.327880859375
            ],
            "bleu_scores": [
                1.0668140688879333
            ],
            "chrf_scores": [
                3.225806451612903
            ]
        }
    },
    "nucleus_sampling": {
        "(('top_p', 0.5),)": {
            "perplexity": [
                4657.947265625
            ],
            "bleu_scores": [
                0.836931318561162
            ],
            "chrf_scores": [
                6.024096385542169
            ]
        },
        "(('top_p', 0.8),)": {
            "perplexity": [
                4607.55859375
            ],
            "bleu_scores": [
                0.7037725455916457
            ],
            "chrf_scores": [
                6.122448979591836
            ]
        },
        "(('top_p', 0.9),)": {
            "perplexity": [
                4779.57080078125
            ],
            "bleu_scores": [
                0.884947125719993
            ],
            "chrf_scores": [
                6.521739130434782
            ]
        }
    },
    "top_k_sampling": {
        "(('k', 5),)": {
            "perplexity": [
                4069.267333984375
            ],
            "bleu_scores": [
                0.8259667025302637
            ],
            "chrf_scores": [
                3.597122302158273
            ]
        },
        "(('k', 10),)": {
            "perplexity": [
                4350.55810546875
            ],
            "bleu_scores": [
                1.085279372678573
            ],
            "chrf_scores": [
                4.424778761061947
            ]
        },
        "(('k', 20),)": {
            "perplexity": [
                4483.58544921875
            ],
            "bleu_scores": [
                1.0579878743608702
            ],
            "chrf_scores": [
                6.329113924050633
            ]
        }
    },
    "temperature_sampling": {
        "(('temperature', 0.5),)": {
            "perplexity": [
                4738.87646484375
            ],
            "bleu_scores": [
                0.696586893808314
            ],
            "chrf_scores": [
                5.74712643678161
            ]
        },
        "(('temperature', 1.0),)": {
            "perplexity": [
                4678.86767578125
            ],
            "bleu_scores": [
                0.836931318561162
            ],
            "chrf_scores": [
                4.166666666666666
            ]
        },
        "(('temperature', 1.5),)": {
            "perplexity": [
                4612.09130859375
            ],
            "bleu_scores": [
                1.0374991193584138
            ],
            "chrf_scores": [
                6.224066390041495
            ]
        }
    },
    "entmax_sampling": {
        "(('alpha', 0.5),)": {
            "perplexity": [
                4657.494140625
            ],
            "bleu_scores": [
                0.736747540520574
            ],
            "chrf_scores": [
                5.555555555555555
            ]
        },
        "(('alpha', 1.0),)": {
            "perplexity": [
                4660.10205078125
            ],
            "bleu_scores": [
                0.9806606156287939
            ],
            "chrf_scores": [
                6.072874493927125
            ]
        },
        "(('alpha', 1.5),)": {
            "perplexity": [
                4654.3857421875
            ],
            "bleu_scores": [
                0.7524552900699966
            ],
            "chrf_scores": [
                5.88235294117647
            ]
        }
    }
}