{
    "argmax": {
        "(('num_beams', 1),)": {
            "bleu_scores": [
                0.0
            ],
            "chrf_scores": [
                0.12948972119523475
            ],
            "cer_scores": [
                0.9975510204081632
            ],
            "distinct_2_scores": [
                0.0
            ]
        }
    },
    "beam_search": {
        "(('beam_size', 5),)": {
            "bleu_scores": [
                0.1637544091245132
            ],
            "chrf_scores": [
                7.366986354750171
            ],
            "cer_scores": [
                0.8210204081632653
            ],
            "distinct_2_scores": [
                0.877437641723356
            ]
        },
        "(('beam_size', 10),)": {
            "bleu_scores": [
                0.16518398717508528
            ],
            "chrf_scores": [
                7.421670220190769
            ],
            "cer_scores": [
                0.8208163265306122
            ],
            "distinct_2_scores": [
                0.8788548752834469
            ]
        },
        "(('beam_size', 15),)": {
            "bleu_scores": [
                0.16494399052256697
            ],
            "chrf_scores": [
                7.4131231795342565
            ],
            "cer_scores": [
                0.8206122448979591
            ],
            "distinct_2_scores": [
                0.8777777777777779
            ]
        }
    },
    "nucleus_sampling": {
        "(('top_p', 0.45),)": {
            "bleu_scores": [
                0.14586204661320945
            ],
            "chrf_scores": [
                11.260279454539504
            ],
            "cer_scores": [
                0.7814285714285715
            ],
            "distinct_2_scores": [
                0.9279815585908021
            ]
        },
        "(('top_p', 0.85),)": {
            "bleu_scores": [
                0.17486864890979664
            ],
            "chrf_scores": [
                14.677192271276121
            ],
            "cer_scores": [
                0.7712244897959184
            ],
            "distinct_2_scores": [
                0.9236067667160102
            ]
        },
        "(('top_p', 0.9),)": {
            "bleu_scores": [
                0.17152454440288428
            ],
            "chrf_scores": [
                14.186748345877561
            ],
            "cer_scores": [
                0.7748979591836734
            ],
            "distinct_2_scores": [
                0.9239924244756176
            ]
        },
        "(('top_p', 0.95),)": {
            "bleu_scores": [
                0.16580919750537612
            ],
            "chrf_scores": [
                14.664524897286347
            ],
            "cer_scores": [
                0.7691836734693878
            ],
            "distinct_2_scores": [
                0.9260472860472857
            ]
        }
    },
    "top_k_sampling": {
        "(('k', 10),)": {
            "bleu_scores": [
                0.13106262765052293
            ],
            "chrf_scores": [
                9.739098328622326
            ],
            "cer_scores": [
                0.7881632653061225
            ],
            "distinct_2_scores": [
                0.9010775149220527
            ]
        },
        "(('k', 20),)": {
            "bleu_scores": [
                0.14531703462014647
            ],
            "chrf_scores": [
                11.364766082590428
            ],
            "cer_scores": [
                0.7779591836734694
            ],
            "distinct_2_scores": [
                0.9196085027066894
            ]
        },
        "(('k', 40),)": {
            "bleu_scores": [
                0.16920224288025779
            ],
            "chrf_scores": [
                15.266529059327244
            ],
            "cer_scores": [
                0.7681632653061224
            ],
            "distinct_2_scores": [
                0.9229584655601903
            ]
        },
        "(('k', 80),)": {
            "bleu_scores": [
                0.16922649821675517
            ],
            "chrf_scores": [
                14.784860772697197
            ],
            "cer_scores": [
                0.7714285714285715
            ],
            "distinct_2_scores": [
                0.9142752765441843
            ]
        }
    },
    "temperature_sampling": {
        "(('temperature', 0.5),)": {
            "bleu_scores": [
                0.18349291014701297
            ],
            "chrf_scores": [
                13.49083615510032
            ],
            "cer_scores": [
                0.7718367346938776
            ],
            "distinct_2_scores": [
                0.9189465209467418
            ]
        },
        "(('temperature', 0.7),)": {
            "bleu_scores": [
                0.17905220161344992
            ],
            "chrf_scores": [
                14.588459334871997
            ],
            "cer_scores": [
                0.7689795918367347
            ],
            "distinct_2_scores": [
                0.9230622318857613
            ]
        },
        "(('temperature', 0.9),)": {
            "bleu_scores": [
                0.17235722398397174
            ],
            "chrf_scores": [
                14.381707486130638
            ],
            "cer_scores": [
                0.7716326530612245
            ],
            "distinct_2_scores": [
                0.9257201295436588
            ]
        }
    },
    "entmax_sampling": {
        "(('alpha', 1.2),)": {
            "bleu_scores": [
                0.16752497418577428
            ],
            "chrf_scores": [
                14.21171858634985
            ],
            "cer_scores": [
                0.7746938775510204
            ],
            "distinct_2_scores": [
                0.9262465621753545
            ]
        },
        "(('alpha', 1.3),)": {
            "bleu_scores": [
                0.1722039703395228
            ],
            "chrf_scores": [
                14.733581197206123
            ],
            "cer_scores": [
                0.7724489795918368
            ],
            "distinct_2_scores": [
                0.9261634723819597
            ]
        },
        "(('alpha', 1.4),)": {
            "bleu_scores": [
                0.16936772824572943
            ],
            "chrf_scores": [
                14.200817686094059
            ],
            "cer_scores": [
                0.7691836734693878
            ],
            "distinct_2_scores": [
                0.9257693439294501
            ]
        },
        "(('alpha', 1.5),)": {
            "bleu_scores": [
                0.16521349928698129
            ],
            "chrf_scores": [
                14.525074421640713
            ],
            "cer_scores": [
                0.7728571428571429
            ],
            "distinct_2_scores": [
                0.9241453067547714
            ]
        }
    }
}