{
    "argmax": {
        "(('num_beams', 1),)": {
            "perplexity": [
                643.9864501953125
            ],
            "bleu_scores": [
                0.0
            ],
            "chrf_scores": [
                0.12997723157460694
            ]
        }
    },
    "beam_search": {
        "(('beam_size', 5),)": {
            "perplexity": [
                962.5380249023438
            ],
            "bleu_scores": [
                0.18098683203013244
            ],
            "chrf_scores": [
                7.3137990402587825
            ]
        },
        "(('beam_size', 10),)": {
            "perplexity": [
                962.6091918945312
            ],
            "bleu_scores": [
                0.17927151496779142
            ],
            "chrf_scores": [
                7.353621726450764
            ]
        },
        "(('beam_size', 15),)": {
            "perplexity": [
                959.33837890625
            ],
            "bleu_scores": [
                0.1775884671068667
            ],
            "chrf_scores": [
                7.323913708346313
            ]
        }
    },
    "nucleus_sampling": {
        "(('top_p', 0.45),)": {
            "perplexity": [
                1044.962158203125
            ],
            "bleu_scores": [
                0.15787134454977167
            ],
            "chrf_scores": [
                10.955355594930332
            ]
        },
        "(('top_p', 0.85),)": {
            "perplexity": [
                1256.0389404296875
            ],
            "bleu_scores": [
                0.17344670484115707
            ],
            "chrf_scores": [
                14.33580525526553
            ]
        },
        "(('top_p', 0.95),)": {
            "perplexity": [
                1248.8782958984375
            ],
            "bleu_scores": [
                0.1667023506589854
            ],
            "chrf_scores": [
                14.035323883800405
            ]
        }
    },
    "top_k_sampling": {
        "(('k', 10),)": {
            "perplexity": [
                893.509033203125
            ],
            "bleu_scores": [
                0.14287959394197242
            ],
            "chrf_scores": [
                9.769251706219968
            ]
        },
        "(('k', 20),)": {
            "perplexity": [
                1026.0107421875
            ],
            "bleu_scores": [
                0.1559068137087997
            ],
            "chrf_scores": [
                11.697974331693334
            ]
        },
        "(('k', 40),)": {
            "perplexity": [
                1264.009521484375
            ],
            "bleu_scores": [
                0.2919033981539154
            ],
            "chrf_scores": [
                14.187954881545092
            ]
        }
    },
    "temperature_sampling": {
        "(('temperature', 0.5),)": {
            "perplexity": [
                1175.064697265625
            ],
            "bleu_scores": [
                0.1707667920952033
            ],
            "chrf_scores": [
                12.157557133231748
            ]
        },
        "(('temperature', 0.7),)": {
            "perplexity": [
                1201.7259521484375
            ],
            "bleu_scores": [
                0.17967625012516072
            ],
            "chrf_scores": [
                13.257414466099085
            ]
        },
        "(('temperature', 0.9),)": {
            "perplexity": [
                1306.76220703125
            ],
            "bleu_scores": [
                0.17190493038034166
            ],
            "chrf_scores": [
                13.888593736867886
            ]
        }
    },
    "entmax_sampling": {
        "(('alpha', 1.2),)": {
            "perplexity": [
                1310.508056640625
            ],
            "bleu_scores": [
                0.280484945836504
            ],
            "chrf_scores": [
                14.419586925204516
            ]
        },
        "(('alpha', 1.3),)": {
            "perplexity": [
                1230.3326416015625
            ],
            "bleu_scores": [
                0.16631480685972777
            ],
            "chrf_scores": [
                13.918536438547516
            ]
        },
        "(('alpha', 1.4),)": {
            "perplexity": [
                1251.72265625
            ],
            "bleu_scores": [
                0.3581840189449694
            ],
            "chrf_scores": [
                14.272030236666163
            ]
        },
        "(('alpha', 1.5),)": {
            "perplexity": [
                1313.621337890625
            ],
            "bleu_scores": [
                0.1740973112058832
            ],
            "chrf_scores": [
                13.787644757218093
            ]
        }
    }
}